"","state","energy type","characteristics","slope","pvalue"
"1","Alabama","electricity","DD at lowest energy use","3.13984674329464","7.17049991476052e-05"
"2","Alabama","electricity","lowest energy use","15.6771216631954","2.44012946350564e-07"
"3","Alabama","electricity","curvature","2.34036939452675e-05","0.158044668549088"
"4","Alabama","electricity","energy use at lowest DD","27.6715824932612","0.000203335090097305"
"5","Alabama","electricity","DDmin","0.0812807881768057","0.97545759272818"
"6","Alabama","electricity","energy use at highest DD","13.533160188512","0.0191338147634376"
"7","Alabama","electricity","DDmax","1.2575259989052","0.290587112018686"
"8","Arizona","electricity","DD at lowest energy use","-6.01888341543488","7.82912114371409e-05"
"9","Arizona","electricity","lowest energy use","2.62403287659149","0.028650100993848"
"10","Arizona","electricity","curvature","4.59995216074452e-05","0.000300956150006295"
"11","Arizona","electricity","energy use at lowest DD","0.289451289795169","0.867821705476663"
"12","Arizona","electricity","DDmin","-1.42118226600958","0.587020053979701"
"13","Arizona","electricity","energy use at highest DD","30.2125996006525","3.33854981834606e-09"
"14","Arizona","electricity","DDmax","-1.51286261631068","0.182014390649354"
"15","Arkansas","electricity","DD at lowest energy use","4.58045977011466","5.05584113301599e-06"
"16","Arkansas","electricity","lowest energy use","15.0309288912369","3.79474970365143e-10"
"17","Arkansas","electricity","curvature","4.46137423404922e-05","6.21080841055714e-06"
"18","Arkansas","electricity","energy use at lowest DD","29.760560725356","1.26991196151064e-07"
"19","Arkansas","electricity","DDmin","0.921182266009564","0.670226634319432"
"20","Arkansas","electricity","energy use at highest DD","18.5636550464619","0.0007866471295859"
"21","Arkansas","electricity","DDmax","0.99178981937608","0.532612837027531"
"22","California","electricity","DD at lowest energy use","-1.01915708812251","0.0395404471333824"
"23","California","electricity","lowest energy use","0.107830045694218","0.846178338352905"
"24","California","electricity","curvature","3.55197712883742e-05","0.000138530912723864"
"25","California","electricity","energy use at lowest DD","0.270553602988204","0.726721694443585"
"26","California","electricity","DDmin","2.0325670498086","0.112187170366015"
"27","California","electricity","energy use at highest DD","7.05829798262409","5.14754300820525e-06"
"28","California","electricity","DDmax","2.30788177339884","0.0233933634452322"
"29","Colorado","electricity","DD at lowest energy use","-18.3114395183361","1.48913241228563e-07"
"30","Colorado","electricity","lowest energy use","3.87058460554335","2.73714540625455e-05"
"31","Colorado","electricity","curvature","4.07393898349479e-05","2.7419769295532e-10"
"32","Colorado","electricity","energy use at lowest DD","2.8530763658946","0.036920680393243"
"33","Colorado","electricity","DDmin","3.37274220032855","0.0766668869768897"
"34","Colorado","electricity","energy use at highest DD","20.6844547615263","5.51352518457924e-09"
"35","Colorado","electricity","DDmax","3.08949096880135","0.0276282774920806"
"36","Connecticut","electricity","DD at lowest energy use","-5.36836343732888","2.01773285922725e-06"
"37","Connecticut","electricity","lowest energy use","2.71053533289495","0.0195531051938448"
"38","Connecticut","electricity","curvature","2.17426460570047e-05","0.0163723442537064"
"39","Connecticut","electricity","energy use at lowest DD","2.67567098410208","0.251288535223773"
"40","Connecticut","electricity","DDmin","0.120142309796765","0.969640033379812"
"41","Connecticut","electricity","energy use at highest DD","13.9411075722654","2.24888212354959e-05"
"42","Connecticut","electricity","DDmax","2.4332238642582","0.0808397067170767"
"43","Delaware","electricity","DD at lowest energy use","-2.12068965517257","0.00662129431357042"
"44","Delaware","electricity","lowest energy use","5.41041232507597","0.00686817354265189"
"45","Delaware","electricity","curvature","4.81487900250786e-05","0.00152231108184996"
"46","Delaware","electricity","energy use at lowest DD","17.671753123805","0.000135950289993031"
"47","Delaware","electricity","DDmin","-2.67624521072845","0.354414298855328"
"48","Delaware","electricity","energy use at highest DD","20.4030734414427","1.2504356464954e-05"
"49","Delaware","electricity","DDmax","0.40284619594962","0.743785669897309"
"50","Florida","electricity","DD at lowest energy use","-1.93404488232095","0.172615866735649"
"51","Florida","electricity","lowest energy use","1.30328184443036","0.536610928510189"
"52","Florida","electricity","curvature","-2.20524138598124e-05","0.598776981776979"
"53","Florida","electricity","energy use at lowest DD","2.85515184165318","0.582120311285222"
"54","Florida","electricity","DDmin","-3.01696770662321","0.299449114716129"
"55","Florida","electricity","energy use at highest DD","6.25725997363948","0.0420988814569534"
"56","Florida","electricity","DDmax","-0.0358511220580053","0.941535671500837"
"57","Georgia","electricity","DD at lowest energy use","2.38396278051417","0.000747132658734881"
"58","Georgia","electricity","lowest energy use","11.0417704375729","7.81947517255346e-08"
"59","Georgia","electricity","curvature","1.20466986623631e-05","0.309248274002732"
"60","Georgia","electricity","energy use at lowest DD","20.2028215923348","0.000513023352486083"
"61","Georgia","electricity","DDmin","-0.981663929940276","0.70533546922423"
"62","Georgia","electricity","energy use at highest DD","7.98432559418459","0.109229066349235"
"63","Georgia","electricity","DDmax","0.701696770662253","0.535508312722377"
"64","Idaho","electricity","DD at lowest energy use","2.75561029009302","0.225948902398821"
"65","Idaho","electricity","lowest energy use","-21.6629113795136","5.04857799068084e-09"
"66","Idaho","electricity","curvature","1.79551157924256e-05","0.594167451857169"
"67","Idaho","electricity","energy use at lowest DD","-10.1874554706309","0.0970496908786525"
"68","Idaho","electricity","DDmin","1.58182813355289","0.551757986401257"
"69","Idaho","electricity","energy use at highest DD","-21.8302490575886","0.0379465606233518"
"70","Idaho","electricity","DDmax","2.78571428571406","0.110709907219589"
"71","Illinois","electricity","DD at lowest energy use","-14.3412698412689","0.000123731891249656"
"72","Illinois","electricity","lowest energy use","2.12685365857658","4.82340482649913e-12"
"73","Illinois","electricity","curvature","3.90959421998003e-06","0.0159751190814357"
"74","Illinois","electricity","energy use at lowest DD","2.07362883030806","2.2898629210427e-05"
"75","Illinois","electricity","DDmin","-0.565134099617294","0.866065118911618"
"76","Illinois","electricity","energy use at highest DD","3.15835130926009","2.24926117431859e-13"
"77","Illinois","electricity","DDmax","0.793103448275983","0.672688608427136"
"78","Indiana","electricity","DD at lowest energy use","-2.864258347017","0.00924351880871571"
"79","Indiana","electricity","lowest energy use","6.05734646392624","0.00298710950703532"
"80","Indiana","electricity","curvature","3.3106947675155e-05","0.148223857326823"
"81","Indiana","electricity","energy use at lowest DD","11.2000186603607","0.0257501022163123"
"82","Indiana","electricity","DDmin","-1.73481116584613","0.602317660499593"
"83","Indiana","electricity","energy use at highest DD","22.5464928056913","0.0143607391029794"
"84","Indiana","electricity","DDmax","0.60919540229898","0.724400952306177"
"85","Iowa","electricity","DD at lowest energy use","-0.277504105090443","0.775036953154042"
"86","Iowa","electricity","lowest energy use","17.4446673034991","2.81410338509014e-05"
"87","Iowa","electricity","curvature","6.69024059886653e-05","0.000292298203676569"
"88","Iowa","electricity","energy use at lowest DD","38.9697401576152","0.000237348576861058"
"89","Iowa","electricity","DDmin","2.14121510673201","0.550089019510579"
"90","Iowa","electricity","energy use at highest DD","41.0177657033204","0.00106842289562304"
"91","Iowa","electricity","DDmax","1.49343185550079","0.431215851878889"
"92","Kansas","electricity","DD at lowest energy use","3.50766283524898","0.000188507583074829"
"93","Kansas","electricity","lowest energy use","6.55110498033989","2.68134286689963e-05"
"94","Kansas","electricity","curvature","3.86586984666196e-05","6.11780651232017e-05"
"95","Kansas","electricity","energy use at lowest DD","16.2514027611401","1.28903848418138e-05"
"96","Kansas","electricity","DDmin","2.47755883962763","0.299292061158522"
"97","Kansas","electricity","energy use at highest DD","17.1745048544788","0.00634836986177863"
"98","Kansas","electricity","DDmax","1.32977558839631","0.497335945384584"
"99","Kentucky","electricity","DD at lowest energy use","0.80295566502446","0.119261822882684"
"100","Kentucky","electricity","lowest energy use","12.9225712654029","1.9760044999647e-06"
"101","Kentucky","electricity","curvature","6.10302850081598e-06","0.699507279969866"
"102","Kentucky","electricity","energy use at lowest DD","23.5028557693126","0.000814881263773718"
"103","Kentucky","electricity","DDmin","-2.71291735084881","0.363923210088815"
"104","Kentucky","electricity","energy use at highest DD","12.5220769834535","0.0323888374460468"
"105","Kentucky","electricity","DDmax","0.0829228243022679","0.957333508133171"
"106","Louisiana","electricity","DD at lowest energy use","5.34619594964366","0.000969401876702742"
"107","Louisiana","electricity","lowest energy use","18.483991280849","1.08911615304674e-11"
"108","Louisiana","electricity","curvature","7.46628235003206e-05","0.00176437455800881"
"109","Louisiana","electricity","energy use at lowest DD","33.8953701371475","4.8209369363661e-08"
"110","Louisiana","electricity","DDmin","-0.709906951286674","0.768220125206881"
"111","Louisiana","electricity","energy use at highest DD","17.961364791646","3.09945965727264e-05"
"112","Louisiana","electricity","DDmax","0.318007662835285","0.7309832680814"
"113","Maine","electricity","DD at lowest energy use","-13.0544608648053","2.99174149813586e-08"
"114","Maine","electricity","lowest energy use","23.3412107076577","2.63446498955024e-06"
"115","Maine","electricity","curvature","0.000158562771529349","2.16925200346144e-07"
"116","Maine","electricity","energy use at lowest DD","30.3573365370893","0.000125191246242951"
"117","Maine","electricity","DDmin","2.87712096332707","0.379437589780758"
"118","Maine","electricity","energy use at highest DD","90.3832273570116","5.67417172701743e-11"
"119","Maine","electricity","DDmax","0.532567049808348","0.62802637292965"
"120","Maryland","electricity","DD at lowest energy use","-1.66009852216759","0.0164799952445146"
"121","Maryland","electricity","lowest energy use","2.17897968145254","0.213958895004206"
"122","Maryland","electricity","curvature","2.23081274930844e-05","0.0336075321717576"
"123","Maryland","electricity","energy use at lowest DD","9.97107034790985","0.0178264959760036"
"124","Maryland","electricity","DDmin","-2.48193760262779","0.414127904377482"
"125","Maryland","electricity","energy use at highest DD","10.1253967744688","0.00462261513726741"
"126","Maryland","electricity","DDmax","0.139573070607625","0.910505551849351"
"127","Massachusetts","electricity","DD at lowest energy use","-10.7055281882865","0.00533808664779611"
"128","Massachusetts","electricity","lowest energy use","0.831910584272853","1.81482835882307e-05"
"129","Massachusetts","electricity","curvature","3.65597896028161e-06","0.00186995295402394"
"130","Massachusetts","electricity","energy use at lowest DD","0.842437380577811","0.108485138856442"
"131","Massachusetts","electricity","DDmin","0.536672140119713","0.860211684365473"
"132","Massachusetts","electricity","energy use at highest DD","2.05470282001184","2.12433746482344e-08"
"133","Massachusetts","electricity","DDmax","1.85030103995613","0.182840381556118"
"134","Michigan","electricity","DD at lowest energy use","-2.07033388067899","0.148249948919504"
"135","Michigan","electricity","lowest energy use","5.32726263751497","1.44568787622238e-07"
"136","Michigan","electricity","curvature","2.34357997146189e-05","0.0084349144116984"
"137","Michigan","electricity","energy use at lowest DD","10.8549729036158","2.05809077558027e-08"
"138","Michigan","electricity","DDmin","-1.85303776683139","0.579201567188843"
"139","Michigan","electricity","energy use at highest DD","13.8466082847231","0.000429786662121662"
"140","Michigan","electricity","DDmax","1.18883415435142","0.494162536482541"
"141","Minnesota","electricity","DD at lowest energy use","-1.01806239737327","0.714389165027638"
"142","Minnesota","electricity","lowest energy use","5.74532160241729","1.76856650592349e-05"
"143","Minnesota","electricity","curvature","1.71669109226852e-05","0.00728013708900728"
"144","Minnesota","electricity","energy use at lowest DD","13.3541959935665","4.20532209165346e-06"
"145","Minnesota","electricity","DDmin","2.41735084838487","0.530019988064028"
"146","Minnesota","electricity","energy use at highest DD","11.5122904005303","0.00934327307525308"
"147","Minnesota","electricity","DDmax","2.64340448823195","0.143839369037268"
"148","Mississippi","electricity","DD at lowest energy use","2.57224958949064","0.0011015546944439"
"149","Mississippi","electricity","lowest energy use","31.6947615681809","2.81245310663222e-08"
"150","Mississippi","electricity","curvature","0.00010503683881417","0.0373265142577676"
"151","Mississippi","electricity","energy use at lowest DD","62.2526565393813","8.17557445237125e-07"
"152","Mississippi","electricity","DDmin","-0.0448823207448563","0.984915907916954"
"153","Mississippi","electricity","energy use at highest DD","39.822281639742","0.000797401255148905"
"154","Mississippi","electricity","DDmax","1.36836343732894","0.179952808723249"
"155","Missouri","electricity","DD at lowest energy use","6.58648056923873","6.54696341968591e-06"
"156","Missouri","electricity","lowest energy use","5.78335889314687","2.59731277946676e-06"
"157","Missouri","electricity","curvature","1.50065920328508e-05","0.00207687597997863"
"158","Missouri","electricity","energy use at lowest DD","12.077003644363","2.88891624060464e-05"
"159","Missouri","electricity","DDmin","1.63492063492022","0.573562470174743"
"160","Missouri","electricity","energy use at highest DD","7.12372182170294","0.0063664548947318"
"161","Missouri","electricity","DDmax","1.33251231527095","0.435509990787106"
"162","Montana","electricity","DD at lowest energy use","-10.347837985769","0.00178297746864426"
"163","Montana","electricity","lowest energy use","9.57747758379299","1.30424304016444e-12"
"164","Montana","electricity","curvature","4.00875420197819e-05","5.70651319737618e-05"
"165","Montana","electricity","energy use at lowest DD","11.5962273516492","0.00137031650310262"
"166","Montana","electricity","DDmin","3.68199233716499","0.182165377451567"
"167","Montana","electricity","energy use at highest DD","15.2769250074428","1.90886088843012e-07"
"168","Montana","electricity","DDmax","3.67378215654061","0.0617328713528871"
"169","Nebraska","electricity","DD at lowest energy use","-0.497536945812758","0.645850746353177"
"170","Nebraska","electricity","lowest energy use","69.2189794365733","8.10642056082965e-07"
"171","Nebraska","electricity","curvature","0.000315280353294429","1.61464349140444e-07"
"172","Nebraska","electricity","energy use at lowest DD","138.134639052903","1.88940098966208e-05"
"173","Nebraska","electricity","DDmin","4.56896551724111","0.108650155948584"
"174","Nebraska","electricity","energy use at highest DD","184.685127668786","2.70989114536424e-08"
"175","Nebraska","electricity","DDmax","1.8711001642036","0.339410712060658"
"176","Nevada","electricity","DD at lowest energy use","-3.81718664477316","0.30406845642414"
"177","Nevada","electricity","lowest energy use","-6.007184244811","1.34426373447786e-08"
"178","Nevada","electricity","curvature","9.5821595197508e-06","0.105899470884329"
"179","Nevada","electricity","energy use at lowest DD","-10.2062011208782","0.000275082048329552"
"180","Nevada","electricity","DDmin","4.69950738916287","0.0179667148305289"
"181","Nevada","electricity","energy use at highest DD","-4.78337217456472","1.18221068988468e-06"
"182","Nevada","electricity","DDmax","2.28708264915149","0.0537595227708954"
"183","New Hampshire","electricity","DD at lowest energy use","6.36453201970396","4.71909610014483e-05"
"184","New Hampshire","electricity","lowest energy use","7.84817366266338","2.30227766878638e-05"
"185","New Hampshire","electricity","curvature","4.3347749470115e-05","0.0179453115080195"
"186","New Hampshire","electricity","energy use at lowest DD","31.3009073448374","3.89862350414731e-07"
"187","New Hampshire","electricity","DDmin","1.48303229337631","0.648061885472319"
"188","New Hampshire","electricity","energy use at highest DD","14.3978061918385","0.011073985729872"
"189","New Hampshire","electricity","DDmax","4.31718664477256","0.00423158329244509"
"190","New Jersey","electricity","DD at lowest energy use","-11.9679802955661","3.66613302434662e-07"
"191","New Jersey","electricity","lowest energy use","1.00234743238987","2.00362712042599e-07"
"192","New Jersey","electricity","curvature","2.78023824391526e-06","0.00775665764509964"
"193","New Jersey","electricity","energy use at lowest DD","0.911103417462127","0.000548334188402749"
"194","New Jersey","electricity","DDmin","-2.13026819923421","0.468297406480001"
"195","New Jersey","electricity","energy use at highest DD","2.30187630333327","1.75235521273778e-08"
"196","New Jersey","electricity","DDmax","1.60782703886147","0.238059640901755"
"197","New Mexico","electricity","DD at lowest energy use","-0.25068418171862","0.81058319932607"
"198","New Mexico","electricity","lowest energy use","-6.00006301015616","0.121020023144825"
"199","New Mexico","electricity","curvature","0.000139436507530409","0.0022970297586086"
"200","New Mexico","electricity","energy use at lowest DD","-0.14797669169954","0.98186430737093"
"201","New Mexico","electricity","DDmin","2.97536945812805","0.056154507552602"
"202","New Mexico","electricity","energy use at highest DD","39.17765641866","0.00315191260209344"
"203","New Mexico","electricity","DDmax","1.52846195949631","0.139427393965453"
"204","New York","electricity","DD at lowest energy use","-6.72030651341002","0.000724783847336696"
"205","New York","electricity","lowest energy use","1.22644416404622","3.02226844997923e-12"
"206","New York","electricity","curvature","4.7936750407485e-06","1.37279932634985e-07"
"207","New York","electricity","energy use at lowest DD","1.89343174239803","2.25422323911362e-11"
"208","New York","electricity","DDmin","-0.726327312534945","0.822180772693652"
"209","New York","electricity","energy use at highest DD","3.01401256456751","2.39624239812444e-17"
"210","New York","electricity","DDmax","0.0925013683634807","0.945581527320767"
"211","North Carolina","electricity","DD at lowest energy use","-3.59168035030127","0.0290908765037091"
"212","North Carolina","electricity","lowest energy use","1.60604991780223","0.00232209819254987"
"213","North Carolina","electricity","curvature","2.1808453253947e-05","0.000569876444114951"
"214","North Carolina","electricity","energy use at lowest DD","2.53844289916523","0.000603814055576873"
"215","North Carolina","electricity","DDmin","-1.47892720306565","0.541725211752272"
"216","North Carolina","electricity","energy use at highest DD","10.621441166333","5.81276012343473e-08"
"217","North Carolina","electricity","DDmax","0.634646962233133","0.546528873831714"
"218","North Dakota","electricity","DD at lowest energy use","-9.39737274220038","0.0122323585815148"
"219","North Dakota","electricity","lowest energy use","35.8732190410893","0.24747871142387"
"220","North Dakota","electricity","curvature","0.000474629245105137","2.81817803755703e-08"
"221","North Dakota","electricity","energy use at lowest DD","105.937016119055","0.0164570840991146"
"222","North Dakota","electricity","DDmin","7.85823754789199","0.0282995479640711"
"223","North Dakota","electricity","energy use at highest DD","303.737721787145","3.10331796402568e-05"
"224","North Dakota","electricity","DDmax","2.08429118773929","0.273926854633756"
"225","Ohio","electricity","DD at lowest energy use","-1.38095238095257","0.146847456505356"
"226","Ohio","electricity","lowest energy use","7.85156977448346","2.02679379116422e-06"
"227","Ohio","electricity","curvature","2.46931833292958e-05","0.0492585183867796"
"228","Ohio","electricity","energy use at lowest DD","15.6289654043853","7.0449762802198e-05"
"229","Ohio","electricity","DDmin","-1.78680897646484","0.599597664151486"
"230","Ohio","electricity","energy use at highest DD","16.6173560216444","0.000416285565022837"
"231","Ohio","electricity","DDmax","1.48056923918998","0.353364552352173"
"232","Oklahoma","electricity","DD at lowest energy use","3.04844006568135","0.000291583499548411"
"233","Oklahoma","electricity","lowest energy use","8.63585482316295","1.25001511469103e-05"
"234","Oklahoma","electricity","curvature","4.14976501348961e-05","2.86446659311517e-05"
"235","Oklahoma","electricity","energy use at lowest DD","20.2217252984793","1.02317897731972e-05"
"236","Oklahoma","electricity","DDmin","1.09852216748763","0.597355665124788"
"237","Oklahoma","electricity","energy use at highest DD","17.5335122108333","0.00450545887375118"
"238","Oklahoma","electricity","DDmax","1.53338806787087","0.385653280220426"
"239","Oregon","electricity","DD at lowest energy use","-10.9094143404486","1.7025070068783e-07"
"240","Oregon","electricity","lowest energy use","-1.81523065992826","0.094625757366621"
"241","Oregon","electricity","curvature","5.84316623590692e-05","0.0169404690720359"
"242","Oregon","electricity","energy use at lowest DD","-15.6305109339284","6.56843247506245e-05"
"243","Oregon","electricity","DDmin","-0.805966064586188","0.672689862399213"
"244","Oregon","electricity","energy use at highest DD","6.97953526123474","4.15092246403815e-06"
"245","Oregon","electricity","DDmax","0.733169129720719","0.448577034933062"
"246","Pennsylvania","electricity","DD at lowest energy use","-3.89080459770131","0.00217893604539383"
"247","Pennsylvania","electricity","lowest energy use","9.0982147034274","1.78278780511592e-08"
"248","Pennsylvania","electricity","curvature","2.45464112097581e-05","0.00665235124788694"
"249","Pennsylvania","electricity","energy use at lowest DD","16.385630937571","2.27622396301878e-06"
"250","Pennsylvania","electricity","DDmin","-3.03886152162069","0.320672923658898"
"251","Pennsylvania","electricity","energy use at highest DD","18.0354309448855","5.18828901931547e-07"
"252","Pennsylvania","electricity","DDmax","1.1726874657909","0.373919131877361"
"253","Rhode Island","electricity","DD at lowest energy use","-8.22660098522157","2.81117040703207e-05"
"254","Rhode Island","electricity","lowest energy use","3.23222867262571","5.17973743641717e-05"
"255","Rhode Island","electricity","curvature","4.30842066278546e-05","6.06094696545495e-07"
"256","Rhode Island","electricity","energy use at lowest DD","6.62553530014151","2.78687503360652e-05"
"257","Rhode Island","electricity","DDmin","0.744389709906268","0.807286110036351"
"258","Rhode Island","electricity","energy use at highest DD","19.706373311043","1.97468420779108e-10"
"259","Rhode Island","electricity","DDmax","2.39189928845088","0.0815934097814645"
"260","South Carolina","electricity","DD at lowest energy use","-0.492063492063694","0.410220133360108"
"261","South Carolina","electricity","lowest energy use","5.74748611118175","0.00892288919386177"
"262","South Carolina","electricity","curvature","4.16974636022269e-05","0.0132176841691435"
"263","South Carolina","electricity","energy use at lowest DD","15.117743988794","0.0251681353572582"
"264","South Carolina","electricity","DDmin","-1.69759168035078","0.469500940980822"
"265","South Carolina","electricity","energy use at highest DD","15.3512165867688","0.00287493597240944"
"266","South Carolina","electricity","DDmax","-0.0465243568691996","0.966022028388617"
"267","South Dakota","electricity","DD at lowest energy use","-4.9107827038872","0.18220448003064"
"268","South Dakota","electricity","lowest energy use","12.492959250022","1.30706913474648e-10"
"269","South Dakota","electricity","curvature","3.62137338368832e-05","1.13438088344707e-06"
"270","South Dakota","electricity","energy use at lowest DD","26.6941373824949","4.97752622860268e-08"
"271","South Dakota","electricity","DDmin","5.32266009852184","0.0714233261644704"
"272","South Dakota","electricity","energy use at highest DD","19.7090611595982","5.91503140015418e-06"
"273","South Dakota","electricity","DDmax","3.21510673234793","0.145896792650864"
"274","Tennessee","electricity","DD at lowest energy use","-2.32375478927212","0.000241090106659384"
"275","Tennessee","electricity","lowest energy use","4.4903304813417","0.0217551074384882"
"276","Tennessee","electricity","curvature","-1.95251383039424e-05","0.192491184955382"
"277","Tennessee","electricity","energy use at lowest DD","1.74676947582649","0.801142893279278"
"278","Tennessee","electricity","DDmin","-2.88888888888923","0.285401590356429"
"279","Tennessee","electricity","energy use at highest DD","8.56795993944436","0.081762560256572"
"280","Tennessee","electricity","DDmax","0.379310344827698","0.781816399467717"
"281","Texas","electricity","DD at lowest energy use","3.22577996715906","0.000227869756887684"
"282","Texas","electricity","lowest energy use","1.82341963861122","0.145334514503504"
"283","Texas","electricity","curvature","4.31809045948434e-05","0.000345685680721343"
"284","Texas","electricity","energy use at lowest DD","9.52966774395998","0.00673020206371123"
"285","Texas","electricity","DDmin","0.322386425834615","0.847908753986426"
"286","Texas","electricity","energy use at highest DD","7.22416037463323","0.0632254273123456"
"287","Texas","electricity","DDmax","1.34838533114395","0.210718175822111"
"288","Utah","electricity","DD at lowest energy use","-9.91871921182229","3.43448836297242e-08"
"289","Utah","electricity","lowest energy use","4.03045125833258","5.05958362382896e-07"
"290","Utah","electricity","curvature","3.34622753422075e-05","6.17369773143915e-08"
"291","Utah","electricity","energy use at lowest DD","4.81531404544651","0.00333946306086931"
"292","Utah","electricity","DDmin","1.74247400109521","0.539074928396858"
"293","Utah","electricity","energy use at highest DD","23.9327329311738","2.96514962255912e-09"
"294","Utah","electricity","DDmax","2.80706075533645","0.0651529188562384"
"295","Vermont","electricity","DD at lowest energy use","-1.81527093596068","0.0327549919615504"
"296","Vermont","electricity","lowest energy use","175.01232905109","8.8279553715485e-10"
"297","Vermont","electricity","curvature","0.000699461078798713","3.48334268027912e-05"
"298","Vermont","electricity","energy use at lowest DD","342.955266493612","4.29619884533906e-06"
"299","Vermont","electricity","DDmin","0.83607006020711","0.813555228901126"
"300","Vermont","electricity","energy use at highest DD","385.876688133032","7.94007891712725e-09"
"301","Vermont","electricity","DDmax","0.434044882320712","0.761406036099766"
"302","Virginia","electricity","DD at lowest energy use","-11.2008757525995","2.00097515979803e-06"
"303","Virginia","electricity","lowest energy use","-0.406279921587407","8.89801420328445e-06"
"304","Virginia","electricity","curvature","2.49290401813275e-07","0.611892034193498"
"305","Virginia","electricity","energy use at lowest DD","-1.05675701604508","4.71543904164651e-08"
"306","Virginia","electricity","DDmin","-1.78571428571484","0.510190654937591"
"307","Virginia","electricity","energy use at highest DD","0.0294992684033961","0.80723385929849"
"308","Virginia","electricity","DDmax","1.60262725779956","0.182988739234418"
"309","Washington","electricity","DD at lowest energy use","-7.04707170224382","3.03806463944112e-05"
"310","Washington","electricity","lowest energy use","2.16308824264578","0.0635219288834685"
"311","Washington","electricity","curvature","7.68648369592188e-05","0.00105790470082276"
"312","Washington","electricity","energy use at lowest DD","-15.4408241954063","2.43355848601608e-05"
"313","Washington","electricity","DDmin","-0.475643130815067","0.803520963172815"
"314","Washington","electricity","energy use at highest DD","3.76831282863443","0.00202633724309187"
"315","Washington","electricity","DDmax","-0.0301039956213408","0.976079743419722"
"316","West Virginia","electricity","DD at lowest energy use","-3.17651888341555","0.0554743996613833"
"317","West Virginia","electricity","lowest energy use","22.187090744349","1.03849032981997e-07"
"318","West Virginia","electricity","curvature","8.60984186291769e-05","0.00706126203912183"
"319","West Virginia","electricity","energy use at lowest DD","48.7977878421613","2.70907790457021e-08"
"320","West Virginia","electricity","DDmin","-4.3256704980847","0.144871794463328"
"321","West Virginia","electricity","energy use at highest DD","44.9044943857164","0.00018136465134687"
"322","West Virginia","electricity","DDmax","-0.25232621784334","0.850521793814382"
"323","Wisconsin","electricity","DD at lowest energy use","-0.0270935960594918","0.981729602765609"
"324","Wisconsin","electricity","lowest energy use","2.29281883387127","0.000279631477260645"
"325","Wisconsin","electricity","curvature","1.39764469922912e-05","0.000118637527452528"
"326","Wisconsin","electricity","energy use at lowest DD","11.5430528365645","1.3388652653706e-06"
"327","Wisconsin","electricity","DDmin","-0.588396278051808","0.869764555676522"
"328","Wisconsin","electricity","energy use at highest DD","4.96480587983743","0.000392520345622228"
"329","Wisconsin","electricity","DDmax","1.90914066776134","0.313953811756046"
"330","Wyoming","electricity","DD at lowest energy use","-9.47509578544042","0.000135503850436761"
"331","Wyoming","electricity","lowest energy use","11.6271977755013","1.46647463149592e-09"
"332","Wyoming","electricity","curvature","3.30109767441919e-05","2.2805462891645e-05"
"333","Wyoming","electricity","energy use at lowest DD","19.1497001983417","3.61161806354843e-07"
"334","Wyoming","electricity","DDmin","2.64285714285751","0.280331611410274"
"335","Wyoming","electricity","energy use at highest DD","15.493682933357","1.18736439043019e-07"
"336","Wyoming","electricity","DDmax","4.08565955117665","0.0239340189612785"
"337","Alabama","NG","DD at lowest energy use","4.14230979748206","0.0181682822320457"
"338","Alabama","NG","lowest energy use","-15.0656391719945","0.00021591778779463"
"339","Alabama","NG","curvature","3.43782659236847e-05","0.190807258547503"
"340","Alabama","NG","energy use at lowest DD","-14.7273391514186","0.0574935216709297"
"341","Alabama","NG","DDmin","2.64285714285751","0.280331611410274"
"342","Alabama","NG","energy use at highest DD","-15.0656391719945","0.000215917787794631"
"343","Alabama","NG","DDmax","4.08565955117665","0.0239340189612785"
"344","Arizona","NG","DD at lowest energy use","-2.34975369458077","0.164073424180398"
"345","Arizona","NG","lowest energy use","-7.76063659371415","2.17528477537872e-08"
"346","Arizona","NG","curvature","-7.49430231421625e-06","0.800517433842931"
"347","Arizona","NG","energy use at lowest DD","-31.3509057728845","0.00139896249094544"
"348","Arizona","NG","DDmin","0.0812807881768057","0.97545759272818"
"349","Arizona","NG","energy use at highest DD","-7.71062798907712","3.5170998298418e-06"
"350","Arizona","NG","DDmax","1.2575259989052","0.290587112018686"
"351","Arkansas","NG","DD at lowest energy use","-6.51943076080973","0.00275733618052289"
"352","Arkansas","NG","lowest energy use","-3.77206086296092","8.22330647957768e-07"
"353","Arkansas","NG","curvature","2.12771723427763e-06","0.864648675383709"
"354","Arkansas","NG","energy use at lowest DD","-13.6125363336308","3.52775985236535e-05"
"355","Arkansas","NG","DDmin","-1.42118226600958","0.587020053979701"
"356","Arkansas","NG","energy use at highest DD","-2.51554937683696","0.00255056744789756"
"357","Arkansas","NG","DDmax","-1.51286261631068","0.182014390649354"
"358","California","NG","DD at lowest energy use","-5.25615763546759","0.00700600232263778"
"359","California","NG","lowest energy use","-10.3229224185184","2.78561551160729e-12"
"360","California","NG","curvature","1.43258304344258e-05","0.40884022357427"
"361","California","NG","energy use at lowest DD","-46.444893743031","0.000123629139740796"
"362","California","NG","DDmin","0.921182266009564","0.670226634319432"
"363","California","NG","energy use at highest DD","-8.57547086757453","2.86564949025867e-07"
"364","California","NG","DDmax","0.99178981937608","0.532612837027531"
"365","Colorado","NG","DD at lowest energy use","-2.20169677066232","0.13319265464677"
"366","Colorado","NG","lowest energy use","-11.719305429612","2.50948833123101e-13"
"367","Colorado","NG","curvature","1.77466459491195e-05","0.664382147662333"
"368","Colorado","NG","energy use at lowest DD","-28.5697598072802","2.2015588046157e-06"
"369","Colorado","NG","DDmin","2.0325670498086","0.112187170366015"
"370","Colorado","NG","energy use at highest DD","-9.29260443431185","5.64318077631238e-08"
"371","Colorado","NG","DDmax","2.30788177339884","0.0233933634452322"
"372","Connecticut","NG","DD at lowest energy use","2.90530925013688","0.0241987365653017"
"373","Connecticut","NG","lowest energy use","-13.8304575495813","1.9051958722631e-11"
"374","Connecticut","NG","curvature","9.03792271024486e-05","0.00139772145219339"
"375","Connecticut","NG","energy use at lowest DD","-7.32988718415373","0.469383851633977"
"376","Connecticut","NG","DDmin","3.37274220032855","0.0766668869768897"
"377","Connecticut","NG","energy use at highest DD","-13.8341739088013","2.26556343618759e-11"
"378","Connecticut","NG","DDmax","3.08949096880135","0.0276282774920806"
"379","Delaware","NG","DD at lowest energy use","1.4696223316913","0.250360812262577"
"380","Delaware","NG","lowest energy use","-1.54644441981487","0.0733827090251658"
"381","Delaware","NG","curvature","2.1542545631316e-05","0.101225618536978"
"382","Delaware","NG","energy use at lowest DD","19.3135989594591","0.00713276544109572"
"383","Delaware","NG","DDmin","0.120142309796765","0.969640033379812"
"384","Delaware","NG","energy use at highest DD","-1.41452345677233","0.109797223860435"
"385","Delaware","NG","DDmax","2.4332238642582","0.0808397067170767"
"386","Florida","NG","DD at lowest energy use","-2.6912972085381","0.102148689866796"
"387","Florida","NG","lowest energy use","-3.48117780291388","9.17568970075474e-05"
"388","Florida","NG","curvature","5.45164189489087e-05","0.0032138702614869"
"389","Florida","NG","energy use at lowest DD","18.7286997219664","0.0322735374936293"
"390","Florida","NG","DDmin","-2.67624521072845","0.354414298855328"
"391","Florida","NG","energy use at highest DD","-2.85462677298742","0.00396892334114462"
"392","Florida","NG","DDmax","0.40284619594962","0.743785669897309"
"393","Georgia","NG","DD at lowest energy use","1.73125342090884","0.0810318318285698"
"394","Georgia","NG","lowest energy use","-0.574841373460293","2.10913227199369e-06"
"395","Georgia","NG","curvature","-2.22417488161416e-05","0.0111927463831212"
"396","Georgia","NG","energy use at lowest DD","-1.61297436527521","0.0222678607220245"
"397","Georgia","NG","DDmin","-3.01696770662321","0.299449114716129"
"398","Georgia","NG","energy use at highest DD","-0.745971852408105","2.33300204808395e-07"
"399","Georgia","NG","DDmax","-0.0358511220580053","0.941535671500837"
"400","Idaho","NG","DD at lowest energy use","-1.88888888888867","0.0110879608306902"
"401","Idaho","NG","lowest energy use","-3.9914381658004","0.000120008584472917"
"402","Idaho","NG","curvature","-3.95568650910067e-05","0.00573603536632129"
"403","Idaho","NG","energy use at lowest DD","-28.1909160605532","0.0370082946533728"
"404","Idaho","NG","DDmin","-0.981663929940276","0.70533546922423"
"405","Idaho","NG","energy use at highest DD","-3.09836423323059","0.00454347670269387"
"406","Idaho","NG","DDmax","0.701696770662253","0.535508312722377"
"407","Illinois","NG","DD at lowest energy use","1.75314723590569","0.307504921035921"
"408","Illinois","NG","lowest energy use","5.07199911893883","1.76102502841796e-05"
"409","Illinois","NG","curvature","8.53901635803725e-05","3.78053396407438e-09"
"410","Illinois","NG","energy use at lowest DD","65.4948202434881","5.32464280694657e-10"
"411","Illinois","NG","DDmin","1.58182813355289","0.551757986401257"
"412","Illinois","NG","energy use at highest DD","5.26486933732087","1.46539928545329e-05"
"413","Illinois","NG","DDmax","2.78571428571406","0.110709907219589"
"414","Indiana","NG","DD at lowest energy use","0.206896551724292","0.902905451361754"
"415","Indiana","NG","lowest energy use","-11.417853646141","1.13928491426385e-07"
"416","Indiana","NG","curvature","-6.24124293884929e-06","0.744053159921076"
"417","Indiana","NG","energy use at lowest DD","-61.7659339989883","0.00426378348835021"
"418","Indiana","NG","DDmin","-0.565134099617294","0.866065118911618"
"419","Indiana","NG","energy use at highest DD","-11.3996804139936","1.23171103511733e-07"
"420","Indiana","NG","DDmax","0.793103448275983","0.672688608427136"
"421","Iowa","NG","DD at lowest energy use","-0.18637110016403","0.903912956064391"
"422","Iowa","NG","lowest energy use","-8.75776678512072","9.29837449390628e-07"
"423","Iowa","NG","curvature","1.08999297691769e-05","0.526642473212904"
"424","Iowa","NG","energy use at lowest DD","-39.962129358662","0.016159294542522"
"425","Iowa","NG","DDmin","-1.73481116584613","0.602317660499593"
"426","Iowa","NG","energy use at highest DD","-8.54029379057184","2.30824981746413e-06"
"427","Iowa","NG","DDmax","0.60919540229898","0.724400952306177"
"428","Kansas","NG","DD at lowest energy use","0.977832512315261","0.572853459013146"
"429","Kansas","NG","lowest energy use","-7.55992185074826","6.55995718895797e-05"
"430","Kansas","NG","curvature","2.97625852117612e-05","0.07001502262613"
"431","Kansas","NG","energy use at lowest DD","-49.8641179974114","0.00307917355141764"
"432","Kansas","NG","DDmin","2.14121510673201","0.550089019510579"
"433","Kansas","NG","energy use at highest DD","-7.55898644032121","6.62458212322313e-05"
"434","Kansas","NG","DDmax","1.49343185550079","0.431215851878889"
"435","Kentucky","NG","DD at lowest energy use","-3.62588943623402","0.0355164622455216"
"436","Kentucky","NG","lowest energy use","-10.8142122651269","2.92151049304225e-06"
"437","Kentucky","NG","curvature","4.93729087927231e-05","0.0705903376884997"
"438","Kentucky","NG","energy use at lowest DD","-64.1899993961428","0.000222724335768065"
"439","Kentucky","NG","DDmin","2.47755883962763","0.299292061158522"
"440","Kentucky","NG","energy use at highest DD","-9.36536414498899","0.000492038052730028"
"441","Kentucky","NG","DDmax","1.32977558839631","0.497335945384584"
"442","Louisiana","NG","DD at lowest energy use","-0.896551724137832","0.516921876236506"
"443","Louisiana","NG","lowest energy use","-6.54167724650572","1.49077548557911e-08"
"444","Louisiana","NG","curvature","-3.08627938107116e-05","0.0148828411772474"
"445","Louisiana","NG","energy use at lowest DD","-38.1000962826514","0.00278309151171718"
"446","Louisiana","NG","DDmin","-2.71291735084881","0.363923210088815"
"447","Louisiana","NG","energy use at highest DD","-6.25890454422611","9.00805176575518e-07"
"448","Louisiana","NG","DDmax","0.0829228243022679","0.957333508133171"
"449","Maine","NG","DD at lowest energy use","-3.5711548987405","0.0493437270966707"
"450","Maine","NG","lowest energy use","-8.83346025659459","3.0951341090545e-08"
"451","Maine","NG","curvature","-4.65446703063427e-05","0.256307421017501"
"452","Maine","NG","energy use at lowest DD","-34.3369256901487","0.000541775963086861"
"453","Maine","NG","DDmin","-0.709906951286674","0.768220125206881"
"454","Maine","NG","energy use at highest DD","-8.81391463836437","8.56626163363295e-06"
"455","Maine","NG","DDmax","0.318007662835285","0.7309832680814"
"456","Maryland","NG","DD at lowest energy use","0.532567049808348","0.62802637292965"
"457","Maryland","NG","lowest energy use","0.402253251282984","0.000515637161687784"
"458","Maryland","NG","curvature","5.48763946003015e-06","1.59015177180133e-08"
"459","Maryland","NG","energy use at lowest DD","9.49725814023039","5.14217796779273e-08"
"460","Maryland","NG","DDmin","2.87712096332707","0.379437589780758"
"461","Maryland","NG","energy use at highest DD","0.402253251282985","0.00051563716168778"
"462","Maryland","NG","DDmax","0.532567049808348","0.62802637292965"
"463","Massachusetts","NG","DD at lowest energy use","-3.17679255610239","0.0240741767602769"
"464","Massachusetts","NG","lowest energy use","-7.39389070965225","1.62187524743623e-10"
"465","Massachusetts","NG","curvature","3.94172824605696e-05","0.0109008325994235"
"466","Massachusetts","NG","energy use at lowest DD","13.6791864335956","0.181686888971252"
"467","Massachusetts","NG","DDmin","-2.48193760262779","0.414127904377482"
"468","Massachusetts","NG","energy use at highest DD","-6.65198891631208","1.05360908518785e-07"
"469","Massachusetts","NG","DDmax","0.139573070607625","0.910505551849351"
"470","Michigan","NG","DD at lowest energy use","1.26737821565418","0.360006248608667"
"471","Michigan","NG","lowest energy use","-3.4433643013891","0.0879391042180463"
"472","Michigan","NG","curvature","4.73233141153262e-05","0.0623536774600623"
"473","Michigan","NG","energy use at lowest DD","19.5174800184013","0.0664248943897211"
"474","Michigan","NG","DDmin","0.536672140119713","0.860211684365473"
"475","Michigan","NG","energy use at highest DD","-3.3600541643213","0.100967604329903"
"476","Michigan","NG","DDmax","1.85030103995613","0.182840381556118"
"477","Minnesota","NG","DD at lowest energy use","1.17022441160375","0.499318531159885"
"478","Minnesota","NG","lowest energy use","-13.8444902676582","7.92479590470335e-08"
"479","Minnesota","NG","curvature","1.51035267649673e-05","0.50280219498247"
"480","Minnesota","NG","energy use at lowest DD","-19.3432675843762","0.268324412831915"
"481","Minnesota","NG","DDmin","-1.85303776683139","0.579201567188843"
"482","Minnesota","NG","energy use at highest DD","-13.8444902676582","7.92479590470264e-08"
"483","Minnesota","NG","DDmax","1.18883415435142","0.494162536482541"
"484","Mississippi","NG","DD at lowest energy use","2.64340448823195","0.143839369037268"
"485","Mississippi","NG","lowest energy use","-7.82839271303241","5.07628150111875e-06"
"486","Mississippi","NG","curvature","2.54966102898235e-05","0.00824812587469169"
"487","Mississippi","NG","energy use at lowest DD","-17.9933653426289","0.208217335003968"
"488","Mississippi","NG","DDmin","2.41735084838487","0.530019988064028"
"489","Mississippi","NG","energy use at highest DD","-7.82839271303244","5.07628150111827e-06"
"490","Mississippi","NG","DDmax","2.64340448823195","0.143839369037268"
"491","Missouri","NG","DD at lowest energy use","-1.88396278051396","0.25337361043712"
"492","Missouri","NG","lowest energy use","-5.48362442894683","1.53485695825806e-10"
"493","Missouri","NG","curvature","1.96668448422423e-06","0.924157510010098"
"494","Missouri","NG","energy use at lowest DD","-10.9213657428252","0.172775506773814"
"495","Missouri","NG","DDmin","-0.0448823207448563","0.984915907916954"
"496","Missouri","NG","energy use at highest DD","-5.252636926198","9.00806042197186e-06"
"497","Missouri","NG","DDmax","1.36836343732894","0.179952808723249"
"498","Montana","NG","DD at lowest energy use","-1.89326765188819","0.233901326542908"
"499","Montana","NG","lowest energy use","-9.60823915158639","8.78894240985119e-06"
"500","Montana","NG","curvature","1.38932493103309e-05","0.487110706614555"
"501","Montana","NG","energy use at lowest DD","-58.0613682773851","0.000141840091606316"
"502","Montana","NG","DDmin","1.63492063492022","0.573562470174743"
"503","Montana","NG","energy use at highest DD","-8.73728758418577","0.000186778475890322"
"504","Montana","NG","DDmax","1.33251231527095","0.435509990787106"
"505","Nebraska","NG","DD at lowest energy use","3.67378215654061","0.0617328713528871"
"506","Nebraska","NG","lowest energy use","-8.31718920279324","1.16239165453139e-07"
"507","Nebraska","NG","curvature","5.96868582177332e-05","0.00771151901910747"
"508","Nebraska","NG","energy use at lowest DD","-8.86113371718555","0.281067680673571"
"509","Nebraska","NG","DDmin","3.68199233716499","0.182165377451567"
"510","Nebraska","NG","energy use at highest DD","-8.31718920279322","1.16239165453139e-07"
"511","Nebraska","NG","DDmax","3.67378215654061","0.0617328713528871"
"512","Nevada","NG","DD at lowest energy use","0.430760810071201","0.813355523851991"
"513","Nevada","NG","lowest energy use","-9.38811789061454","0.000753917533633572"
"514","Nevada","NG","curvature","5.29397377238167e-05","0.0644602568946796"
"515","Nevada","NG","energy use at lowest DD","-61.9117513571233","1.89400972347399e-05"
"516","Nevada","NG","DDmin","4.56896551724111","0.108650155948584"
"517","Nevada","NG","energy use at highest DD","-9.0629570568068","0.00210425298167582"
"518","Nevada","NG","DDmax","1.8711001642036","0.339410712060658"
"519","New Hampshire","NG","DD at lowest energy use","-7.08565955117651","0.000550136251034804"
"520","New Hampshire","NG","lowest energy use","-1.98128369908406","0.0808194146573556"
"521","New Hampshire","NG","curvature","8.5124933175011e-05","1.60012935062702e-06"
"522","New Hampshire","NG","energy use at lowest DD","7.87325609821816","0.183242635552923"
"523","New Hampshire","NG","DDmin","4.69950738916287","0.0179667148305289"
"524","New Hampshire","NG","energy use at highest DD","2.66898827869734","0.0429627384264651"
"525","New Hampshire","NG","DDmax","2.28708264915149","0.0537595227708954"
"526","New Jersey","NG","DD at lowest energy use","4.22413793103419","0.00381627881605753"
"527","New Jersey","NG","lowest energy use","-1.05765133273415","0.0121400376036637"
"528","New Jersey","NG","curvature","1.33619071078679e-05","0.00593454476847002"
"529","New Jersey","NG","energy use at lowest DD","4.85166602632913","0.0864860988428108"
"530","New Jersey","NG","DDmin","1.48303229337631","0.648061885472319"
"531","New Jersey","NG","energy use at highest DD","-1.05765133273414","0.0121400376036648"
"532","New Jersey","NG","DDmax","4.31718664477256","0.00423158329244509"
"533","New Mexico","NG","DD at lowest energy use","-0.261083743842169","0.83570603163761"
"534","New Mexico","NG","lowest energy use","-2.47577713860252","0.0376792379135696"
"535","New Mexico","NG","curvature","5.71728193269718e-05","0.011786506069356"
"536","New Mexico","NG","energy use at lowest DD","34.967270199646","0.0427588846279736"
"537","New Mexico","NG","DDmin","-2.13026819923421","0.468297406480001"
"538","New Mexico","NG","energy use at highest DD","-2.00723569436004","0.130818588930511"
"539","New Mexico","NG","DDmax","1.60782703886147","0.238059640901755"
"540","New York","NG","DD at lowest energy use","1.61877394635985","0.445587603233744"
"541","New York","NG","lowest energy use","-3.92116679106303","0.00494738927728488"
"542","New York","NG","curvature","-1.13993427219153e-06","0.980937446762099"
"543","New York","NG","energy use at lowest DD","-22.4311233894484","0.030788874260524"
"544","New York","NG","DDmin","2.97536945812805","0.056154507552602"
"545","New York","NG","energy use at highest DD","-6.29633209270875","0.0147026280488548"
"546","New York","NG","DDmax","1.52846195949631","0.139427393965453"
"547","North Carolina","NG","DD at lowest energy use","-0.418719211822594","0.752094054345371"
"548","North Carolina","NG","lowest energy use","-3.21041492437821","0.0573467815555155"
"549","North Carolina","NG","curvature","5.43350945901442e-05","0.0252413549665664"
"550","North Carolina","NG","energy use at lowest DD","29.9138625833713","0.00297484472773202"
"551","North Carolina","NG","DDmin","-0.726327312534945","0.822180772693652"
"552","North Carolina","NG","energy use at highest DD","-2.97233608686405","0.0678277077277995"
"553","North Carolina","NG","DDmax","0.0925013683634807","0.945581527320767"
"554","North Dakota","NG","DD at lowest energy use","-4.87110016420293","0.00309631605498088"
"555","North Dakota","NG","lowest energy use","-0.999888725741171","0.0493323854724153"
"556","North Dakota","NG","curvature","4.89855371259182e-05","0.000676365198464914"
"557","North Dakota","NG","energy use at lowest DD","17.0550927023164","0.00801042368380961"
"558","North Dakota","NG","DDmin","-1.47892720306565","0.541725211752272"
"559","North Dakota","NG","energy use at highest DD","0.26962650550634","0.653604873560607"
"560","North Dakota","NG","DDmax","0.634646962233133","0.546528873831714"
"561","Ohio","NG","DD at lowest energy use","2.08429118773929","0.273926854633756"
"562","Ohio","NG","lowest energy use","-5.86379014680389","8.91201428982166e-05"
"563","Ohio","NG","curvature","4.22037362847703e-05","4.07667913683321e-05"
"564","Ohio","NG","energy use at lowest DD","1.94081097426674","0.835082570793546"
"565","Ohio","NG","DDmin","7.85823754789199","0.0282995479640711"
"566","Ohio","NG","energy use at highest DD","-5.86379014680391","8.91201428982138e-05"
"567","Ohio","NG","DDmax","2.08429118773929","0.273926854633756"
"568","Oklahoma","NG","DD at lowest energy use","1.00629447181179","0.506092554290809"
"569","Oklahoma","NG","lowest energy use","-11.0951008160044","1.9486191961693e-06"
"570","Oklahoma","NG","curvature","8.52871170096965e-06","0.726404368963436"
"571","Oklahoma","NG","energy use at lowest DD","-25.1791126384344","0.156474386492184"
"572","Oklahoma","NG","DDmin","-1.78680897646484","0.599597664151486"
"573","Oklahoma","NG","energy use at highest DD","-11.0951008160044","1.94861919616933e-06"
"574","Oklahoma","NG","DDmax","1.48056923918998","0.353364552352173"
"575","Oregon","NG","DD at lowest energy use","-5.36124794745449","0.00228121924180725"
"576","Oregon","NG","lowest energy use","-9.81203777880487","4.48340513831755e-07"
"577","Oregon","NG","curvature","4.26562963864778e-05","0.0883363240994432"
"578","Oregon","NG","energy use at lowest DD","-44.2994632098052","0.000514049740433522"
"579","Oregon","NG","DDmin","1.09852216748763","0.597355665124788"
"580","Oregon","NG","energy use at highest DD","-6.4166489294884","0.00121093917744735"
"581","Oregon","NG","DDmax","1.53338806787087","0.385653280220426"
"582","Pennsylvania","NG","DD at lowest energy use","-1.45593869731803","0.230981241050282"
"583","Pennsylvania","NG","lowest energy use","0.460520442006985","0.625570221510555"
"584","Pennsylvania","NG","curvature","9.85114313344416e-05","0.00472623348525758"
"585","Pennsylvania","NG","energy use at lowest DD","23.065562997048","1.10008389047128e-05"
"586","Pennsylvania","NG","DDmin","-0.805966064586188","0.672689862399213"
"587","Pennsylvania","NG","energy use at highest DD","1.14807739223882","0.269514109222831"
"588","Pennsylvania","NG","DDmax","0.733169129720719","0.448577034933062"
"589","Rhode Island","NG","DD at lowest energy use","0.228516694033969","0.857971471312568"
"590","Rhode Island","NG","lowest energy use","-7.80663244199584","2.24680313673719e-07"
"591","Rhode Island","NG","curvature","6.37208138201279e-06","0.709163766405269"
"592","Rhode Island","NG","energy use at lowest DD","-10.2894819237818","0.394096413090366"
"593","Rhode Island","NG","DDmin","-3.03886152162069","0.320672923658898"
"594","Rhode Island","NG","energy use at highest DD","-7.71305826050271","3.417410011719e-07"
"595","Rhode Island","NG","DDmax","1.1726874657909","0.373919131877361"
"596","South Carolina","NG","DD at lowest energy use","0.978106185002779","0.505601578955109"
"597","South Carolina","NG","lowest energy use","-7.3168491865305","0.000290358694291949"
"598","South Carolina","NG","curvature","4.66241364601766e-05","0.0872323340340052"
"599","South Carolina","NG","energy use at lowest DD","14.3437753287748","0.100848260016932"
"600","South Carolina","NG","DDmin","0.744389709906268","0.807286110036351"
"601","South Carolina","NG","energy use at highest DD","-6.95806940963273","0.000845488518221347"
"602","South Carolina","NG","DDmax","2.39189928845088","0.0815934097814645"
"603","South Dakota","NG","DD at lowest energy use","-5.10974274767312","0.00523165300057193"
"604","South Dakota","NG","lowest energy use","-0.775764890245511","0.0643053244120586"
"605","South Dakota","NG","curvature","2.35795693219323e-05","0.146826504133228"
"606","South Dakota","NG","energy use at lowest DD","3.65275196815373","0.549438197722514"
"607","South Dakota","NG","DDmin","-1.69759168035078","0.469500940980822"
"608","South Dakota","NG","energy use at highest DD","0.174144489467902","0.808039477902434"
"609","South Dakota","NG","DDmax","-0.0465243568691996","0.966022028388617"
"610","Tennessee","NG","DD at lowest energy use","3.08100711548969","0.148473243047695"
"611","Tennessee","NG","lowest energy use","-4.57557450012587","4.38565412302492e-05"
"612","Tennessee","NG","curvature","4.61385380441658e-05","5.20277036893732e-05"
"613","Tennessee","NG","energy use at lowest DD","-4.46573236395954","0.590527806367715"
"614","Tennessee","NG","DDmin","5.32266009852184","0.0714233261644704"
"615","Tennessee","NG","energy use at highest DD","-4.57356197397849","4.59307037561966e-05"
"616","Tennessee","NG","DDmax","3.21510673234793","0.145896792650864"
"617","Texas","NG","DD at lowest energy use","-2.708264915161","0.128556552872903"
"618","Texas","NG","lowest energy use","-2.64364250902193","0.00155046604819105"
"619","Texas","NG","curvature","1.73083964647845e-05","0.386186882691864"
"620","Texas","NG","energy use at lowest DD","8.58985234712937","0.413127253800142"
"621","Texas","NG","DDmin","-2.88888888888923","0.285401590356429"
"622","Texas","NG","energy use at highest DD","-1.60181388731833","0.149185475318914"
"623","Texas","NG","DDmax","0.379310344827698","0.781816399467717"
"624","Utah","NG","DD at lowest energy use","-1.41516146688565","0.35706215503422"
"625","Utah","NG","lowest energy use","-11.4344096110181","1.132034624801e-12"
"626","Utah","NG","curvature","-3.42426923718441e-05","0.0929709406961154"
"627","Utah","NG","energy use at lowest DD","-35.6434336961775","9.98456630051147e-06"
"628","Utah","NG","DDmin","0.322386425834615","0.847908753986426"
"629","Utah","NG","energy use at highest DD","-10.0706794489687","4.34025100410508e-09"
"630","Utah","NG","DDmax","1.34838533114395","0.210718175822111"
"631","Vermont","NG","DD at lowest energy use","-0.512041598248475","0.753187915977898"
"632","Vermont","NG","lowest energy use","-6.01305675063931","0.00271847941049438"
"633","Vermont","NG","curvature","5.79258718897374e-05","0.00697545079806444"
"634","Vermont","NG","energy use at lowest DD","-9.57994007289567","0.410727684559444"
"635","Vermont","NG","DDmin","1.74247400109521","0.539074928396858"
"636","Vermont","NG","energy use at highest DD","-5.21872164467167","0.0104601945536145"
"637","Vermont","NG","DDmax","2.80706075533645","0.0651529188562384"
"638","Virginia","NG","DD at lowest energy use","0.368363437328925","0.794335131064931"
"639","Virginia","NG","lowest energy use","1.65471570363706","0.000278717492094089"
"640","Virginia","NG","curvature","1.02758777454162e-05","0.0278200417947083"
"641","Virginia","NG","energy use at lowest DD","14.578300773342","3.89711943403945e-07"
"642","Virginia","NG","DDmin","0.83607006020711","0.813555228901126"
"643","Virginia","NG","energy use at highest DD","1.65471570363707","0.000278717492094083"
"644","Virginia","NG","DDmax","0.434044882320712","0.761406036099766"
"645","Washington","NG","DD at lowest energy use","-1.0519978106182","0.431008358245422"
"646","Washington","NG","lowest energy use","-1.46732856019004","0.000404737823093348"
"647","Washington","NG","curvature","3.16544309561906e-05","0.012974218028759"
"648","Washington","NG","energy use at lowest DD","19.8925404747474","0.0259149258351504"
"649","Washington","NG","DDmin","-1.78571428571484","0.510190654937591"
"650","Washington","NG","energy use at highest DD","-0.961554179913899","0.0892031038152528"
"651","Washington","NG","DDmax","1.60262725779956","0.182988739234418"
"652","West Virginia","NG","DD at lowest energy use","-0.137657361795392","0.890991529326092"
"653","West Virginia","NG","lowest energy use","0.455056267701823","0.721729213398502"
"654","West Virginia","NG","curvature","6.54060377080308e-05","0.0366014004154931"
"655","West Virginia","NG","energy use at lowest DD","21.5970600986805","1.79452206017092e-05"
"656","West Virginia","NG","DDmin","-0.475643130815067","0.803520963172815"
"657","West Virginia","NG","energy use at highest DD","0.457980812882381","0.720048115827618"
"658","West Virginia","NG","DDmax","-0.0301039956213408","0.976079743419722"
"659","Wisconsin","NG","DD at lowest energy use","-0.25232621784334","0.850521793814382"
"660","Wisconsin","NG","lowest energy use","-8.67400928517861","1.7244086654642e-05"
"661","Wisconsin","NG","curvature","-1.71689181294374e-05","0.446456024779296"
"662","Wisconsin","NG","energy use at lowest DD","-28.3971263039515","0.0101056147689131"
"663","Wisconsin","NG","DDmin","-4.3256704980847","0.144871794463328"
"664","Wisconsin","NG","energy use at highest DD","-8.67400928517859","1.72440866546421e-05"
"665","Wisconsin","NG","DDmax","-0.25232621784334","0.850521793814382"
"666","Wyoming","NG","DD at lowest energy use","1.77887246852764","0.335303425872746"
"667","Wyoming","NG","lowest energy use","-5.78735937302593","1.20976922070621e-06"
"668","Wyoming","NG","curvature","3.08644666783664e-05","0.0169495257075942"
"669","Wyoming","NG","energy use at lowest DD","0.838675808258446","0.945932732742949"
"670","Wyoming","NG","DDmin","-0.588396278051808","0.869764555676522"
"671","Wyoming","NG","energy use at highest DD","-5.78735937302592","1.20976922070624e-06"
"672","Wyoming","NG","DDmax","1.90914066776134","0.313953811756046"
